Profile,Total_Flow_Area,Velocity_WUA,Depth_WUA,Combined_WUA,Velocity_Weighted_Avg_SI,Depth_Weighted_Avg_SI,Combined_Weighted_Avg_HSI,Fish,Weight
1,121953.93243122083,40566.738772729324,37.58457729559888,0.0,0.3326398580513836,0.0003081866779227944,0.0,Fish3,0.2
2,86114.79604363425,7031.426619453381,100.82715913260539,14.766767385505878,0.08165178276553738,0.0011708459378051176,0.00017147770260088146,Fish3,0.2
3,81136.8468791245,3970.9768206136255,115.4216142060858,33.70936708872675,0.048941719740840814,0.0014225548397023345,0.00041546311429807055,Fish3,0.2
4,78285.46661508072,2642.3917054533977,116.80339753409463,39.26194710987158,0.03375328550375369,0.001492018922342272,0.0005015228088620507,Fish3,0.2
5,76428.66607981907,1871.6931737139312,114.2498783882237,35.82573045801485,0.024489413066024323,0.0014948563706306958,0.0004687472946420376,Fish3,0.2
6,75045.75799906242,1374.6775039517438,110.06430573071685,32.17409823017571,0.018317857539248496,0.0014666292761289976,0.00042872640756826884,Fish3,0.2
7,73073.64983746398,858.3835936197099,131.0795191896416,28.879633709085734,0.011746827967796773,0.0017938000836306756,0.00039521268984540984,Fish3,0.2
8,70687.58665129532,439.6490598550229,150.88103879279493,20.89084006825311,0.006219607722977292,0.002134477154201021,0.00029553760508628556,Fish3,0.2
