Profile,Total_Flow_Area,Weighted_Velocity_WUA,Weighted_Depth_WUA,Weighted_Combined_WUA,Weighted_Velocity_Avg_SI,Weighted_Depth_Avg_SI,Weighted_Combined_Avg_HSI
1,121953.93243122083,40566.738772729324,786.0577701861615,369.1891957733751,0.3326398580513836,0.006445530328671277,0.003027284060574178
2,86114.79604363425,7031.426619453381,968.4603800816043,246.62096141052976,0.08165178276553738,0.011246155417831874,0.0028638628057084084
3,81136.8468791245,3970.9768206136255,952.2225774798727,174.29581125220628,0.048941719740840814,0.011736006686314401,0.0021481708737322207
4,78285.46661508072,2642.3917054533977,978.7774564695785,142.10235045143475,0.03375328550375369,0.012502671297625367,0.0018151817520630385
5,76428.66607981907,1871.6931737139312,1010.2128660686903,114.0517835518149,0.024489413066024323,0.0132177220653526,0.0014922644787847502
6,75045.75799906242,1374.6775039517438,1019.1493866968251,89.97329166965008,0.018317857539248496,0.013580373013349509,0.0011989124244807304
7,73073.64983746398,858.3835936197099,1013.8733857954024,61.194878593905095,0.011746827967796773,0.013874678328652499,0.0008374411122206082
8,70687.58665129532,439.6490598550229,941.5339905955238,35.765399754854634,0.006219607722977292,0.0133196510900867,0.0005059643630399603
